,radius1,radius2,delta1,delta2,d1,d2,d3,isCross,tp
0,0.5445921,0.56356734,0.5714286,0.42857143,0.5626984,0.668254,0.86428577,0.0,4457.3315
